{
    "accuracy": 0.9695,
    "balanced_accuracy": 0.8057861635220126,
    "roc_auc": 0.9786867924528302,
    "confusion_matrix": [
        [
            16,
            9
        ],
        [
            113,
            3862
        ]
    ],
    "classification_report": {
        "0": {
            "precision": 0.12403100775193798,
            "recall": 0.64,
            "f1-score": 0.2077922077922078,
            "support": 25.0
        },
        "1": {
            "precision": 0.9976750193748385,
            "recall": 0.9715723270440252,
            "f1-score": 0.9844506755034412,
            "support": 3975.0
        },
        "accuracy": 0.9695,
        "macro avg": {
            "precision": 0.5608530135633882,
            "recall": 0.8057861635220126,
            "f1-score": 0.5961214416478245,
            "support": 4000.0
        },
        "weighted avg": {
            "precision": 0.9922147443021954,
            "recall": 0.9695,
            "f1-score": 0.979596560080246,
            "support": 4000.0
        }
    }
}