{
    "accuracy": 0.96625,
    "balanced_accuracy": 0.8836477987421384,
    "roc_auc": 0.9816352201257862
}